OBJECT_NAME,OBJECT_ID,EPOCH,MEAN_MOTION,ECCENTRICITY,INCLINATION,RA_OF_ASC_NODE,ARG_OF_PERICENTER,MEAN_ANOMALY,EPHEMERIS_TYPE,CLASSIFICATION_TYPE,NORAD_CAT_ID
ISS (ZARYA),1998-067A,2026-10-07T12:00:00,15.49,0.00046,51.63,288.59,205.00,155.08,0,U,25544
HUBBLE SPACE TELESCOPE,1990-037B,2026-10-07T12:00:00,15.09,0.00028,28.47,120.00,85.00,275.00,0,U,20580
NOAA 19,2009-005A,2026-10-07T12:00:00,14.12,0.00140,99.18,180.00,120.00,240.00,0,U,33591
TERRA,1999-068A,2026-10-07T12:00:00,14.57,0.00015,98.21,210.00,150.00,190.00,0,U,25994
AQUA,2002-022A,2026-10-07T12:00:00,14.57,0.00013,98.20,220.00,170.00,200.00,0,U,27424
LANDSAT 8,2013-008A,2026-10-07T12:00:00,14.57,0.00012,98.22,230.00,160.00,210.00,0,U,39084
SENTINEL-2A,2015-028A,2026-10-07T12:00:00,14.31,0.00010,98.56,240.00,140.00,220.00,0,U,40697
SENTINEL-2B,2017-013A,2026-10-07T12:00:00,14.31,0.00011,98.57,250.00,130.00,230.00,0,U,42063
STARLINK-1007,2019-029A,2026-10-07T12:00:00,15.06,0.00020,53.00,260.00,110.00,250.00,0,U,44235
STARLINK-1013,2019-029G,2026-10-07T12:00:00,15.06,0.00021,53.01,270.00,100.00,260.00,0,U,44241
GPS BIIR-2,2004-015A,2026-10-07T12:00:00,2.01,0.01000,55.00,280.00,90.00,270.00,0,U,26407
GPS BIIR-4,2000-040A,2026-10-07T12:00:00,2.01,0.00900,54.80,290.00,80.00,280.00,0,U,26473
METEOSAT-11,2015-034A,2026-10-07T12:00:00,1.00,0.00020,0.10,300.00,70.00,290.00,0,U,40732
GOES 16,2016-071A,2026-10-07T12:00:00,1.00,0.00018,0.05,310.00,60.00,300.00,0,U,41866
NOAA 20,2017-073A,2026-10-07T12:00:00,14.20,0.00010,98.70,320.00,50.00,310.00,0,U,43013
STARLINK-1007,2019-029A,2026-10-07T12:00:00,15.06,0.00020,53.00,260.00,110.00,250.00,0,U,44235